{
  "roc_auc": {
    "mean": 0.41494129738739344,
    "low": 0.3822729417789674,
    "high": 0.447501133450475
  },
  "f1": {
    "mean": 0.528328421483064,
    "low": 0.49487364546326734,
    "high": 0.5601803606300074
  }
}