{
  "roc_auc": {
    "mean": 0.9300943499776395,
    "low": 0.9159259465361521,
    "high": 0.9426553173902354
  },
  "f1": {
    "mean": 0.666772367026888,
    "low": 0.6302752185149388,
    "high": 0.7010780526846921
  }
}