{
  "iforest": 0.62047207507796,
  "iforest_b1": 0.5264886793211826,
  "iforest_b2": 0.5447993777195359,
  "iforest_b3": 0.6604359694233694,
  "iforest_b4": 0.5629533635461609
}