{
  "thresholds": {
    "iforest": 0.6085711927803521,
    "iforest_b1": 0.542162263968196,
    "iforest_b2": 0.5292133995056606,
    "iforest_b3": 0.6502743755164122,
    "iforest_b4": 0.5680837053339608
  },
  "feature_order": [
    "rms",
    "peak",
    "crest_factor",
    "kurtosis",
    "skewness",
    "std",
    "p2p",
    "band_0_500",
    "band_500_2000",
    "band_2000_5000",
    "band_5000_10000"
  ],
  "iforest": 0.6085711927803521,
  "iforest_b1": 0.542162263968196,
  "iforest_b2": 0.5292133995056606,
  "iforest_b3": 0.6502743755164122,
  "iforest_b4": 0.5680837053339608,
  "ocsvm": -44.396294653087836,
  "ocsvm_b1": -54.33567806432104,
  "ocsvm_b2": -53.32663190847813,
  "ocsvm_b3": -35.684633817234165,
  "ocsvm_b4": -53.675575206635905,
  "ae": 0.004378623329102993,
  "ae_b1": 0.0044725011102855206,
  "ae_b2": 0.0024620413314551115,
  "ae_b3": 0.005624772049486637,
  "ae_b4": 0.0033215403091162443
}